Price,Close,High,Low,Open,Volume
Ticker,BAC,BAC,BAC,BAC,BAC
Date,,,,,
2023-06-05,27.211462020874023,27.478426838824774,26.982632436114194,27.478426838824774,34757800
2023-06-06,27.869340896606445,28.060031609204195,27.125651118310323,27.135184017234938,46297900
2023-06-07,28.10770034790039,28.26978689056619,27.65957958573552,27.936079088776463,44502600
2023-06-08,27.869340896606445,28.01235802177405,27.64051313262599,27.91701448403659,41483100
2023-06-09,27.90747833251953,28.031426016346007,27.726322346716543,27.840737132108252,32671800
2023-06-12,27.773998260498047,28.18398205974411,27.56423991094588,27.9360848365125,41011300
2023-06-13,28.03142738342285,28.412806989059348,27.67865193016962,27.77399546765769,42718800
2023-06-14,27.764461517333984,28.346064711944138,27.64051201359514,28.19351287546659,38322800
2023-06-15,28.002824783325195,28.098168319906655,27.354478550627505,27.554702159722233,42044900
2023-06-16,27.83120346069336,28.298393699685356,27.802599308630484,28.155376576493747,53028200
2023-06-20,27.52610206604004,27.68818863740385,27.24960069548231,27.659584482964988,39040900
2023-06-21,27.24006462097168,27.650048388040034,27.21146228651855,27.440290054950818,39553400
2023-06-22,26.658458709716797,27.20192668802714,26.601252224101483,27.173322535938787,50742900
2023-06-23,26.458234786987305,26.5917171913604,26.30568294811481,26.448700069737605,54998400
2023-06-26,26.78240966796875,26.963565670554072,26.496375405833177,26.505908305151074,47519300
2023-06-27,26.925426483154297,27.07797833031177,26.648926942141927,26.791944071531873,39081800
2023-06-28,26.76333999633789,26.95403071512199,26.601253430939845,26.934961279531286,37803800
2023-06-29,27.325876235961914,27.6500493741088,27.07797902334597,27.173324384900027,68376400
2023-06-30,27.354476928710938,27.75492594171814,27.335407495100764,27.592839393154243,50370700
2023-07-03,27.840736389160156,27.983753503162298,27.31633787973728,27.364011463445507,30995800
2023-07-05,27.7263240814209,28.050497205324504,27.602376389839606,27.78353056841523,37492000
2023-07-06,26.963563919067383,27.478425921179547,26.79194264550954,27.45935648665948,52098000
2023-07-07,27.201927185058594,27.478426719385943,26.973099419854826,26.982632318830404,34231500
2023-07-10,27.325876235961914,27.50703224105847,27.144720230865357,27.25913502844253,36086000
2023-07-11,27.669116973876953,27.726323459588286,27.097046661079446,27.32587442248617,40978700
2023-07-12,27.9932918548584,28.49861917785393,27.90748121160227,28.136308987431445,41855500
2023-07-13,28.28885841369629,28.47954911982628,28.04096122315184,28.14584129337947,39589000
2023-07-14,27.754926681518555,28.698841847646506,27.697718379163163,28.60349649561552,58660500
2023-07-17,28.03142738342285,28.18397922567745,27.76446256875801,27.793064902579868,49477200
2023-07-18,29.27091407775879,29.423465923676268,28.52722246499,28.60349838794874,98253800
2023-07-19,30.062274932861328,30.22436148284103,29.261376899851193,29.452065781934706,70619800
2023-07-20,30.214828491210938,30.319706745848933,29.80484473440754,29.87158593787574,42128800
2023-07-21,30.491329193115234,30.615278705938806,29.95739772630997,30.386450934450835,70813600
2023-07-24,31.13014030456543,31.3208273725072,30.491326988167913,30.510396422386627,64548600
2023-07-25,30.653413772583008,31.26362108748166,30.577136039659432,31.235015119074074,51208800
2023-07-26,30.90131187438965,31.025261382835986,30.653416494619787,30.73922713321759,41814600
2023-07-27,30.462726593017578,31.21595292551451,30.338777081273335,30.92038213200836,45529500
2023-07-28,30.415050506591797,30.66294769116019,30.233894521991566,30.653414792788716,33296500
2023-07-31,30.51039695739746,30.74875943362713,30.300638632997448,30.41505160319332,29093400
2023-08-01,30.148090362548828,30.453194077270375,29.957399631567068,30.357848711779496,32712000
2023-08-02,29.73810386657715,29.823914505879447,29.347189540227316,29.709499713955907,38855100
2023-08-03,29.947860717773438,30.0813431196242,29.442531624456308,29.49973992687349,27933400
2023-08-04,29.842985153198242,30.195762463775267,29.71903744970781,29.900193464250695,30755100
2023-08-07,30.395984649658203,30.415054085767817,29.94786381245146,29.94786381245146,31745200
2023-08-08,29.814380645751953,29.852517698448942,29.06115430545054,29.842982980634325,45951800
2023-08-09,29.4234676361084,29.823916709588087,29.394863481373577,29.76670840011845,30732100
2023-08-10,29.49974250793457,29.862052695470172,29.366258275843357,29.566483714699434,26062600
2023-08-11,29.83344841003418,29.938326662996456,29.318584588257753,29.366256356098663,35709900
2023-08-14,29.490203857421875,29.661825119680433,29.318582595163313,29.604616819886747,32563700
2023-08-15,28.54629135131836,29.127894570731797,28.45094599481342,29.080222801760037,43406100
2023-08-16,27.92654800415039,28.450944713468175,27.850270267532625,28.365134078334524,47220400
2023-08-17,27.917016983032227,28.164914204175293,27.75493040838336,28.069568839341564,37202200
2023-08-18,27.754926681518555,27.983754435256117,27.630977178309873,27.688185480665265,31418000
2023-08-21,27.793066024780273,27.936083155348385,27.459358174413694,27.859807231141293,34959000
2023-08-22,27.116117477416992,27.878876720969046,27.09704804168782,27.77399664302008,37586400
2023-08-23,27.125652313232422,27.182858802107205,26.86822038545365,27.125652313232422,44686600
2023-08-24,27.287736892700195,27.44982344817258,27.049374418097354,27.077976751170425,31934800
2023-08-25,27.173320770263672,27.449822100133662,26.982630072521523,27.306803167546413,34253200
2023-08-28,27.421218872070312,27.650046625919526,27.24006288497918,27.354477671184455,33075200
2023-08-29,27.8121337890625,27.89794442595875,27.38308060458125,27.54516716110068,30428200
2023-08-30,27.688186645507812,27.907479691411808,27.58330657200529,27.85980610411002,33366400
2023-08-31,27.563203811645508,27.851621673258116,27.428609054055098,27.813166814110588,37243000
2023-09-01,27.861234664916992,28.00544358960759,27.649728364285174,27.649728364285174,35192000
2023-09-05,27.543975830078125,27.995832808630443,27.39976689736154,27.822781355884114,46543600
2023-09-06,27.29401206970215,27.457449344586664,27.034436731475225,27.303626242779593,45022600
2023-09-07,27.044048309326172,27.44783439862887,26.97675093339505,27.313239646766625,35023600
2023-09-08,27.265174865722656,27.284401380616597,26.88061522838388,27.034440183549144,36513900
2023-09-11,27.380538940429688,27.649730296724293,27.303627386304957,27.409381460869998,34168300
2023-09-12,27.851621627807617,28.015058904778996,27.3036265914083,27.36130979689348,42284000
2023-09-13,27.765098571777344,28.063132468485495,27.592048938686563,27.99583508333082,37215700
2023-09-14,28.072744369506836,28.303479028661073,27.97660446976355,28.04390184946903,44634800
2023-09-15,27.726642608642578,27.966991451065823,27.64011687867292,27.832396686097972,61166000
2023-09-18,27.649730682373047,27.688185543113722,27.39015349593805,27.688185543113722,25752300
2023-09-19,27.543975830078125,27.822781355884114,27.40938107070479,27.649729903137786,34888100
2023-09-20,27.447837829589844,27.851623969365534,27.428611315289054,27.697800852662052,26641100
2023-09-21,26.967140197753906,27.486294593191506,26.938299509373728,27.26517409160121,39861300
2023-09-22,26.572965621948242,27.101734139500778,26.534510763311633,26.986365896158908,41284400
2023-09-25,26.534513473510742,26.553741821651013,26.294164622905964,26.43837356652559,32749200
2023-09-26,26.121112823486328,26.43837322888429,25.967289707761022,26.284550113158986,42237400
2023-09-27,26.217252731323242,26.54412731069449,26.024972919793267,26.178796035530773,38296300
2023-09-28,26.49605369567871,26.572965245578605,26.121110119131238,26.121110119131238,36734300
2023-09-29,26.323001861572266,26.90945356697819,26.21724962809281,26.813313672592898,40613400
2023-10-02,25.66925811767578,26.30377894002586,25.553889861922944,26.217253206640287,50388600
2023-10-03,24.909753799438477,25.496205559795484,24.823228069755768,25.467363038662533,62144500
2023-10-04,24.938596725463867,25.005894108817223,24.592493801113843,24.880911682261416,55696400
2023-10-05,25.05396270751953,25.08280522861777,24.5732650248457,24.784773178800513,49044100
2023-10-06,25.063573837280273,25.217396930356994,24.486736321384623,24.775155996190403,58120700
2023-10-09,25.294309616088867,25.34238048091278,24.72708624717865,24.765542939037783,39953700
2023-10-10,25.967288970947266,26.246092672644846,25.54427449784749,25.58273119254571,51960100
2023-10-11,25.976903915405273,26.38069005313703,25.86153566160355,26.121112857370292,38508200
2023-10-12,25.861534118652344,26.03458557217224,25.582730425316125,25.92883149863984,44249800
2023-10-13,25.726940155029297,26.649878824082624,25.496205487765966,26.371075122116316,55089700
2023-10-16,25.94805908203125,26.130724703563427,25.736552774904958,26.111496357356664,56817500
2023-10-17,26.553739547729492,26.79408837775207,25.68848229267537,26.005742674956533,95344200
2023-10-18,26.255708694458008,26.957528752372586,26.1595687846613,26.476831037105313,68371100
2023-10-19,25.919218063354492,26.70756380002995,25.84230650779056,26.19802359834632,58611000
2023-10-20,25.294309616088867,25.899989676858212,25.227012239051383,25.76539308906725,62029800
2023-10-23,24.582876205444336,25.198168577562434,24.534807176516075,25.121257031047673,59857200
2023-10-24,24.486740112304688,24.87129973824808,24.419442727879453,24.74631730970162,55975700
2023-10-25,24.56365203857422,24.659791946499695,24.20793676308104,24.40021474521577,45522400
2023-10-26,25.111648559570312,25.34238323464904,24.457899396655815,24.50596843298698,60921000
2023-10-27,24.198322296142578,25.063577789570754,23.996428308570156,25.063577789570754,64709300
2023-10-30,24.698246002197266,24.784771726706463,24.30407407219582,24.342528931024336,41891900
2023-10-31,25.323152542114258,25.36160740087565,24.72708664472649,24.7463149909652,50106700
2023-11-01,25.380836486816406,25.59234463417436,25.140487652975878,25.41929318041461,44046300
2023-11-02,26.553739547729492,26.592194407000758,25.56350170789869,25.678868119428543,63278300
2023-11-03,27.322858810424805,27.813170710833493,27.044053249250407,27.072895772939024,62595200
2023-11-06,27.236331939697266,27.659346434279364,26.93829987551535,27.457452444293004,45548000
2023-11-07,27.072893142700195,27.169033045272247,26.8710009976434,26.96713906649933,33081900
2023-11-08,26.813316345214844,27.11135023088743,26.60181002345804,27.07289353581375,31896000
2023-11-09,26.467214584350586,26.99598129213974,26.342232162258973,26.986367118616066,32267900
2023-11-10,26.61142349243164,26.69794922033967,26.284548927827107,26.688335046825877,32858500
2023-11-13,26.630651473999023,26.774860407294685,26.361460120455334,26.476828367321506,28521800
2023-11-14,28.091968536376953,28.274634147262237,27.37092209909475,27.39976461672377,66676300
2023-11-15,28.476531982421875,28.582284227369108,28.072745849189822,28.072745849189822,46968900
2023-11-16,28.399620056152344,28.55344316836348,28.09197199801393,28.293865978863632,36952800
2023-11-17,28.8226318359375,28.841860182817907,28.4092315465892,28.56305465420028,38493300
2023-11-20,28.85147476196289,29.082209426624058,28.60151175015093,28.8226322412367,46783400
2023-11-21,28.514986038208008,28.832246431515422,28.409231962533497,28.832246431515422,41611900
2023-11-22,28.48614501953125,28.639969971221735,28.38039277199657,28.591899100782143,41422700
2023-11-24,28.582284927368164,28.736108045346064,28.341936076313168,28.341936076313168,15815600
2023-11-27,28.418846130371094,28.543828553182276,28.370777096192093,28.457302824687186,42039500
2023-11-28,28.39000701904297,28.505373440962043,28.188113030110262,28.39000701904297,29705800
2023-11-29,29.139894485473633,29.428314209909054,28.65919677846416,28.72649416405089,57954900
2023-11-30,29.54690170288086,29.60504530195377,29.110821937306522,29.275561826621146,52547700
2023-12-01,30.002365112304688,30.089581440403975,29.411234480950604,29.45968717507163,46088100
2023-12-04,29.866695404052734,30.04112805624463,29.575975549300747,29.585666457572714,37811300
2023-12-05,29.634119033813477,29.8376244100194,29.391851873024173,29.731026267799546,45723100
2023-12-06,29.585664749145508,30.54504243244981,29.498448428085876,29.827931896899678,49803100
2023-12-07,29.711645126342773,29.973294109543975,29.595357921598993,29.643810615516937,32699600
2023-12-08,30.002365112304688,30.176797768503263,29.663192556753902,29.721336159369493,34786800
2023-12-11,29.895769119262695,30.118654471846465,29.760098247312374,29.963603631061947,32254000
2023-12-12,29.789169311523438,29.90545835980142,29.508140371408544,29.818242035680864,34566700
2023-12-13,31.04895782470703,31.13617414374791,29.682569442517167,29.798858484022208,60311100
2023-12-14,32.89018630981445,33.01616626042706,31.562563388861317,31.611016078572856,107190000
2023-12-15,32.56070327758789,32.96771400932698,32.260294379357674,32.773899551199,83732200
2023-12-18,32.39596176147461,32.744827029215905,32.376579946966416,32.66729977118312,40694700
2023-12-19,32.473487854003906,32.62853868545205,31.785450020496732,32.008335359659476,44534800
2023-12-20,31.95988655090332,32.66730628637681,31.93081567169467,32.34751552497004,44711400
2023-12-21,32.17307662963867,32.41534376736682,31.872664048042633,32.21184025888393,32325700
2023-12-22,32.39596176147461,32.62853614216672,32.17307643968503,32.18276549858757,37258100
2023-12-26,32.81266403198242,32.909569415204516,32.33781878210599,32.415346046046395,24845400
2023-12-27,32.793277740478516,32.8998758654967,32.618845117122014,32.75451411379865,24498600
2023-12-28,32.8320426940918,32.91925900929497,32.72544456476536,32.773897251722,21799600
2023-12-29,32.628536224365234,32.93864156057449,32.51224903372623,32.89018517583036,28037800
2024-01-02,32.8514289855957,33.01616888304158,32.24091469596544,32.35720189985096,36668600
2024-01-03,32.49287033081055,32.72544843106427,32.21184323457931,32.60916122928916,45988700
2024-01-04,32.7545166015625,33.24874363751098,32.50256040241265,32.53163127627908,39834600
2024-01-05,33.36503219604492,33.616988405512885,32.66730162105157,32.754517942925744,49228900
2024-01-08,33.10338592529297,33.239054948874326,32.599469768631046,33.239054948874326,40253900
2024-01-09,32.58977508544922,32.79327858570937,32.47348420241227,32.77389677186988,39268800
2024-01-10,32.56070327758789,32.58977784916424,32.2118416890015,32.46379789687556,34904000
2024-01-11,32.1246223449707,32.46379484225336,31.766064337325652,32.328125843340295,48790600
2024-01-12,31.78544807434082,32.16338422181147,30.9714303349028,31.252461104915458,74320300
2024-01-16,31.126482009887695,31.504418167715798,30.835762172843257,31.407512787602084,58420800
2024-01-17,30.816383361816406,31.00050692901592,30.302778143075624,30.738857941156372,48811300
2024-01-18,30.74854850769043,30.787312141765096,30.42875591998166,30.767930324727764,35484400
2024-01-19,31.223390579223633,31.23307963839621,30.59349452861245,30.81637985661402,49331400
2024-01-22,31.543182373046875,31.96957492540248,31.32029703736252,31.359060668795458,43903400
2024-01-23,31.756378173828125,31.804830864042277,31.38813107413463,31.53349284148039,30003400
2024-01-24,31.95988655090332,32.308751888222595,31.892052034947223,32.0083392484857,36403900
2024-01-25,32.357200622558594,32.41534607055786,31.814524561379073,32.1827679752642,46204000
2024-01-26,32.39596176147461,32.62853614216672,32.28936363003109,32.36689088806388,30839800
2024-01-29,32.570396423339844,32.60916005476985,32.211842074370644,32.366892903387324,30269300
2024-01-30,33.713897705078125,33.81080308704027,32.793281789624324,32.851427236823625,60315700
2024-01-31,32.95802307128906,34.01430804481566,32.94833401136468,33.500702844642454,54716000
2024-02-01,32.51225280761719,33.19060160904048,31.911431273421044,32.880499933539014,57084800
2024-02-02,32.43472671508789,32.66730110527807,32.14400318229524,32.33781763858925,40401300
2024-02-05,31.969573974609375,32.26029380830352,31.843594024550722,32.08586116874638,43573000
2024-02-06,32.018028259277344,32.3281299235611,31.862977427135462,31.901737362643356,27188000
2024-02-07,32.1536979675293,32.231221536917474,31.620710951611226,32.037410765095274,29660100
2024-02-08,32.09555435180664,32.250605196145656,31.785452663128602,32.0277198384523,36852200
2024-02-09,32.04710006713867,32.2215327204594,31.82421472049631,32.07617094379095,36176000
2024-02-12,32.58008575439453,32.919261987179055,31.959882433158516,31.979264249035065,34160400
2024-02-13,31.736997604370117,32.27967736750236,31.34936867403231,32.09555196207535,43801500
2024-02-14,32.10523986816406,32.15369255296035,31.85327999249874,31.959878117072307,27833900
2024-02-15,33.01616668701172,33.180910270203434,32.289365241838226,32.289365241838226,41683100
2024-02-16,33.035552978515625,33.0936984328209,31.48504449741317,32.870809373002594,33257400
2024-02-20,32.909568786621094,33.035548739766284,32.725447083334544,32.735136142790324,30372900
2024-02-21,32.65761184692383,32.69637547728701,32.1440029863698,32.328128382243285,37878900
2024-02-22,32.570396423339844,33.01616709467489,32.33781833146314,32.33781833146314,42756900
2024-02-23,32.87080383300781,32.99678378108486,32.45410775251269,32.68668213712842,30586000
2024-02-26,32.570396423339844,33.161528864185755,32.49286916047982,32.74482906807153,31129200
2024-02-27,33.219669342041016,33.36503110598333,32.66730055378538,32.6866823687579,40536300
2024-02-28,33.248748779296875,33.52977589577288,33.05493429790725,33.16153244750673,39548600
2024-02-29,33.687896728515625,33.814764124204714,33.326816611432605,33.502478013850094,43863400
2024-03-01,33.52199172973633,33.814763207659325,33.20970562784618,33.697653127392535,38424200
2024-03-04,34.302711486816406,34.566199866545126,33.42440447857377,33.463441172883236,49136400
2024-03-05,34.536922454833984,34.85896958243079,34.02945662279119,34.08801166128439,47591600
2024-03-06,34.566200256347656,34.92728409866605,34.224638484148215,34.79065938978627,49149700
2024-03-07,34.771141052246094,35.03463315776481,34.40029989750745,34.7418616698035,35900700
2024-03-08,34.74186325073242,35.25909017298814,34.644275232133985,35.00535536824135,42749600
2024-03-11,35.024871826171875,35.063908520602105,34.41981795347968,34.53692431402628,34131500
2024-03-12,35.09318542480469,35.278607868553145,34.91752401638205,35.03463410382662,29260400
2024-03-13,35.210296630859375,35.57137677175755,35.093186539694294,35.093186539694294,38289600
2024-03-14,34.82969284057617,35.34691974625921,34.62475577443936,35.05414825435614,40178100
2024-03-15,34.55644226074219,35.141977779433084,34.39054189545258,34.429574866686345,69638100
2024-03-18,35.1419792175293,35.22005260867986,34.53692532708921,34.80041743810607,50617900
2024-03-19,35.1614990234375,35.51282185269574,34.98583760880838,35.02487430600248,46113800
2024-03-20,35.86414337158203,35.99101077145533,34.868729965968,34.97607901795739,40519000
2024-03-21,36.6058235168457,36.69365422464475,35.99101228499671,36.03980629538632,43219500
2024-03-22,36.15690994262695,36.703412496979965,36.10811593591102,36.50823274737217,28955900
2024-03-25,35.97148895263672,36.38136305041687,35.95197060663616,36.20570165915571,30480200
2024-03-26,36.19594192504883,36.34232764888396,35.9129315110975,36.10811123529647,33673400
2024-03-27,36.89859390258789,36.93762687606597,36.34233401102452,36.352091323707974,36350200
2024-03-28,37.00593566894531,37.08400905387053,36.51798818139439,36.810759652120055,42262500
2024-04-01,36.615577697753906,37.42556854226703,36.53750431755118,37.02545177558722,33908000
2024-04-02,36.400882720947266,36.674135852154166,36.26425801671581,36.29353367540998,34806800
2024-04-03,36.537506103515625,37.103526969421665,36.37160574659107,36.498473134249984,33338500
2024-04-04,36.03004455566406,37.04497633201231,35.98125054622784,36.79124524929739,42888200
2024-04-05,36.2154655456543,36.43992095822178,35.84462438792604,35.92269777807689,30818000
2024-04-08,36.596065521240234,36.67413891460281,36.23498538379907,36.303297741619176,29470300
2024-04-09,36.82051467895508,36.859551368995255,36.30329156552558,36.60581660647778,30977700
2024-04-10,35.76655197143555,36.332569115547514,35.668960241248065,36.283775111825705,37610700
2024-04-11,35.473785400390625,35.864144929537765,35.18101761490246,35.864144929537765,38604000
2024-04-12,34.92728042602539,35.220048160374944,34.673545659577044,34.94679877134786,47118300
2024-04-15,35.08342742919922,35.8739000289675,34.898004989060674,35.45426858673217,44392000
2024-04-16,33.84403991699219,35.29812142604347,33.32681674269471,35.229809071805846,95566100
2024-04-17,34.38077926635742,34.888245096305674,33.91235012857685,34.048974828419865,65951400
2024-04-18,34.90776443481445,35.12246252509668,34.33198623857536,34.68330903258484,44506200
2024-04-19,36.07884216308594,36.22522419088841,35.19077779253817,35.2298107663056,56240900
2024-04-22,36.82051467895508,36.996176061392205,35.98124445680964,36.108111838068375,43867100
2024-04-23,37.445091247558594,37.49388525449521,36.918110760801355,37.025456086964276,39180300
2024-04-24,37.396297454833984,37.56220154666174,37.08401134135787,37.103529688793145,28670600
2024-04-25,36.996177673339844,37.347500453521455,36.4789545373746,37.01569601921036,41116000
2024-04-26,36.91810989379883,37.38653905032895,36.8693121652641,37.015697905380264,28668700
2024-04-29,36.644859313964844,37.142567886846564,36.54727129558316,36.92786977911372,26438800
2024-04-30,36.11787414550781,36.76196472929516,36.08859848529972,36.44967861126155,30283800
2024-05-01,36.059322357177734,36.60582119527297,35.88366095272023,36.31305342875851,32272000
2024-05-02,35.99101257324219,36.58630918389846,35.76655714545685,36.46919909073223,34860300
2024-05-03,36.352088928222656,36.62533833828424,36.186188564326415,36.352088928222656,34082700
2024-05-06,36.78147888183594,36.87907060930554,36.45943548804561,36.752203224966934,28422300
2024-05-07,36.9278678894043,37.230396687297066,36.79124318156372,36.79124318156372,29119500
2024-05-08,36.801002502441406,36.90835155667367,36.615583777786576,36.79124518966769,32803300
2024-05-09,37.357261657714844,37.49388637030093,36.55702800735846,36.6253403636515,26855400
2024-05-10,37.52316665649414,37.84521009780474,37.40606028899432,37.552442317683024,27359100
2024-05-13,37.288944244384766,37.845204054614754,37.25966858787068,37.689061015300084,24060600
2024-05-14,37.562198638916016,37.85496638229327,37.44508856337005,37.47436794362846,27594800
2024-05-15,37.97207260131836,38.29411972381944,37.8452052146291,37.86472356048466,34084400
2024-05-16,38.27460479736328,38.41122950781427,37.77689624044136,37.98183330611784,32554200
2024-05-17,38.342918395996094,38.53809815557441,38.21605099385855,38.499061459109896,25537300
2024-05-20,37.88424301147461,38.51857624068143,37.85496735320916,38.31363546459152,28369800
2024-05-21,38.69424057006836,38.79182858684954,37.83545187596595,37.83545187596595,31799200
2024-05-22,38.80158233642578,38.85038006307967,38.39170823628897,38.46002058631177,42837600
2024-05-23,38.225807189941406,38.879658807016654,38.00135177594368,38.81134645157144,39033900
2024-05-24,38.74303436279297,38.82110403123449,38.12821943681014,38.21605014052197,22162100
2024-05-28,38.372188568115234,38.78206637687414,38.16725152510765,38.694235683764646,31217900
2024-05-29,37.786659240722656,37.9623206555076,37.630516174552085,37.903765609664504,26677500
2024-05-30,37.698829650878906,38.17701617650106,36.68389782931123,37.796417674099295,51008600
2024-05-31,39.02604293823242,39.11387363770533,37.72810079299323,37.76713748670208,58188400
2024-06-03,38.918697357177734,39.22122245349776,38.411231462010576,39.07484042317191,31898600
2024-06-04,38.723514556884766,39.172425371066566,38.46977976782962,38.66495951570033,26974200
2024-06-05,38.99676513671875,39.02604451955879,38.56737265675455,38.86014042594579,34140300
2024-06-06,38.74303436279297,39.035802134251014,38.46978121638716,38.947971430539184,38676400
2024-06-07,39.05721664428711,39.23394643641941,38.56630138733876,38.56630138733876,25928700
2024-06-10,38.949214935302734,39.11612807132365,38.49757379494106,38.860853784062854,37182700
2024-06-11,38.15393829345703,38.63503319733123,37.761204549350836,38.615399880973825,44629000
2024-06-12,38.693939208984375,39.15540073480139,38.38957041072842,39.07685249832783,38964700
2024-06-13,38.54666519165039,38.63503008969727,38.22266306240268,38.57612265459019,40018700
2024-06-14,38.52703094482422,38.7626681703245,38.20302507802862,38.38957152699852,32347900
2024-06-17,38.79212188720703,38.81175894689644,38.27175291428936,38.37975486988801,26135400
2024-06-18,39.263404846191406,39.2928585637955,38.74303211440608,38.841217415396834,30804500
2024-06-20,39.263404846191406,39.57759031858928,39.027763869199866,39.05721758680396,29383300
2024-06-21,38.77248764038086,39.18485464778198,38.65466528507819,39.12594347013065,72251500
2024-06-24,39.2928581237793,39.607043592658805,38.92958187764728,39.04740049213054,31064900
2024-06-25,38.66448974609375,39.34195150596173,38.635032281482815,39.05721973550367,30928600
2024-06-26,38.29138946533203,38.635028641866455,37.77102049932672,38.45829885239557,44310200
2024-06-27,38.53684616088867,38.635027710277924,37.64338057805676,37.99684014847572,29464200
2024-06-28,39.047401428222656,39.33213318665385,38.60557693158569,39.0179477102423,52028200
2024-07-01,39.28303909301758,39.60704497589491,38.949216552501404,39.18485753508367,26770500
2024-07-02,40.18632507324219,40.21577879148397,39.233948232636884,39.27322235388349,35626100
2024-07-03,40.15686798095703,40.45141637478547,40.009591911349794,40.274686589411196,17100700
2024-07-05,39.6757698059082,40.21577582435506,39.55795119624741,40.18632210828638,23489000
2024-07-08,39.881954193115234,40.294324954147,39.69540774490215,39.86231713350552,26728500
2024-07-09,40.66741943359375,41.069973553183566,39.86231868518673,40.01941142279331,34697200
2024-07-10,40.98160934448242,41.00124265980093,40.32378091972139,40.529964439043034,25333400
2024-07-11,41.05033493041992,41.13869982604707,40.63796416903118,41.01106081116649,33824600
2024-07-12,40.83433151245117,41.15833363673469,40.34341625202035,40.73614995851949,31856600
2024-07-15,41.12887954711914,41.462702071004045,40.94233309818406,41.0896054277477,36648100
2024-07-16,43.328182220458984,43.59327691228858,41.452886063044794,41.74743447217116,75953300
2024-07-17,43.180908203125,43.63254936835647,42.85690606124552,42.85690606124552,65713600
2024-07-18,42.2285270690918,43.436181848918636,42.14998257871613,42.8274442579236,48549200
2024-07-19,42.12053298950195,42.76854101647646,41.91434572312058,42.081258867773464,43903000
2024-07-22,41.531429290771484,42.091072374656285,41.197606771841414,41.865251809701554,42838300
2024-07-23,41.63943099975586,42.00270723294687,41.384156719904745,41.4528845546872,36705100
2024-07-24,41.42342758178711,41.973254011919686,41.30560897011089,41.511792476890804,36567200
2024-07-25,40.922698974609375,41.5314328869973,40.90306191351474,41.25652152244529,41593900
2024-07-26,40.91287612915039,41.1976078799464,40.657601840931136,40.824514977578744,52049300
2024-07-29,40.34341812133789,41.11906516765098,40.23541615977703,41.02087986378367,37133100
2024-07-30,40.52996063232422,41.12887781871818,40.0685028579537,40.30414007350758,44163200
2024-07-31,39.57759094238281,40.62814933453129,39.48922604279153,40.48087325341703,50851600
2024-08-01,38.78230667114258,39.71504644142453,38.27175433640523,39.705226038521836,60107800
2024-08-02,36.897193908691406,37.82992993594171,36.50446019009083,37.309560942374326,76728000
2024-08-05,35.984092712402344,36.28845779902258,34.50152642034706,35.00226211992628,76075200
2024-08-06,36.249183654785156,36.63210073174681,35.8760907265453,35.98409269091501,40614100
2024-08-07,36.62228012084961,37.888842476101765,36.59282640178352,37.40774384083242,44952400
2024-08-08,37.515743255615234,37.7219267658418,36.97573721890395,37.132829952226984,36557800
2024-08-09,37.584468841552734,37.751381967492335,37.221192619758504,37.46665023496276,26411200
2024-08-12,37.476470947265625,38.02629741316376,37.319378206349924,37.800476832184096,33040600
2024-08-13,37.761199951171875,37.780837010524635,37.427377432947125,37.672835056777494,21553500
2024-08-14,38.1048469543457,38.212845174277746,37.73175027744159,37.82011518130345,25658900
2024-08-15,38.32084655761719,38.959037936414646,38.26193911952825,38.71358029001354,37379800
2024-08-16,38.625213623046875,38.70375811870627,38.28157443193776,38.29139108937533,26886600
2024-08-19,38.949214935302734,39.017946517466314,38.733214767739355,38.762668484819315,27268900
2024-08-20,37.98701858520508,38.52702832649828,37.64337942746024,38.409205976369265,44440800
2024-08-21,38.04593276977539,38.28157374328716,37.69247318220084,38.16375138383817,33751100
2024-08-22,38.52703094482422,38.576121721354596,37.869202554081404,38.0753860627407,35421600
2024-08-23,39.047401428222656,39.440131401043935,38.55648615315632,38.55648615315632,45616600
2024-08-26,39.194671630859375,39.4695867168006,38.93939734968479,39.273219868381474,44659500
2024-08-27,38.949214935302734,39.40085982105061,38.890307501142814,39.27322080472711,32323900
2024-08-28,39.22412872314453,39.53831417950117,38.61539486962681,38.625211526531544,40700500
2024-08-29,39.440128326416016,39.60704145452743,38.81175742257873,39.32230971829303,34810800
2024-08-30,40.00959396362305,40.117595920823454,39.40086008576809,39.44013046034315,49098200
2024-09-03,39.960506439208984,40.156873309613715,39.499044855565835,39.842687815120755,48489300
2024-09-04,39.764137268066406,40.20596176456663,39.54813334858045,39.92123000622356,39629600
2024-09-05,39.410675048828125,40.19613868735609,39.28303603713418,40.05868301878696,34214500
2024-09-06,38.303855895996094,39.410678023600894,38.106212588027944,39.30197194233574,47007600
2024-09-09,39.0055046081543,39.24267809413583,38.63985618174216,38.78809243783407,37610200
2024-09-10,38.8177375793457,39.371148654397494,37.878920537999946,39.371148654397494,53983900
2024-09-11,38.54103469848633,38.57068044191692,37.56268369742611,38.531154040611,41190000
2024-09-12,38.32362365722656,38.86715410151181,38.07656573520771,38.59044666538349,39948800
2024-09-13,38.19515609741211,38.629976681275316,37.98762457870483,38.422448932372745,31887300
2024-09-16,38.639854431152344,38.748560511387495,38.33350504482172,38.35327012939215,26336400
2024-09-17,39.08456039428711,39.33161830293596,38.748561487732495,38.81773740056981,27769400
2024-09-18,39.15373611450195,39.64785192936878,38.95608903459432,39.15373611450195,42527800
2024-09-19,40.3890266418457,40.56690864114307,39.5391468162704,39.56879632935636,57977800
2024-09-20,39.79608917236328,40.25067482860332,39.76644342907076,40.141968743457966,70725000
2024-09-23,39.400794982910156,39.96408672401251,39.28220823999508,39.7367938960067,31714800
2024-09-24,38.985740661621094,39.50950224745241,38.78809357099267,39.38103107307323,32534900
2024-09-25,38.788089752197266,38.94620665517201,38.4817366033943,38.788089752197266,28866000
2024-09-26,39.05491638183594,39.25256347147228,38.64974154449355,38.92644520810162,39601400
2024-09-27,38.93632888793945,39.430444717635105,38.886914289126196,39.18338680278728,27861100
2024-09-30,39.213035583496094,39.32174167761776,38.56080278857101,38.76833054836424,35055200
2024-10-01,38.75844955444336,39.09444849254703,38.481742107307774,39.0450338903338,26291200
2024-10-02,38.76832580566406,39.07467896345623,38.59044381337241,38.78809089034141,23302700
2024-10-03,38.788089752197266,38.80785483629465,38.27420887507826,38.52126677158907,26030200
2024-10-04,39.63797378540039,39.77632561916787,39.15373859740948,39.460091779183706,34209900
2024-10-07,39.4897346496582,39.96408537511243,39.24267674453802,39.7367925547784,27177500
2024-10-08,39.46009063720703,39.677502809581,39.34150389309606,39.578677381318,26023600
2024-10-09,39.7170295715332,39.914676660048315,39.25256324879804,39.40079573783088,27421000
2024-10-10,39.4996223449707,39.65773926653732,39.30197525056125,39.53914874800878,26182300
2024-10-11,41.45631790161133,41.67372629815577,39.924559619127464,40.02338127484725,50660700
2024-10-14,41.41679000854492,41.683613017424015,41.229027344432104,41.46620083912148,28098900
2024-10-15,41.644081115722656,42.84972493470956,41.555140116456336,42.721253764701636,61490000
2024-10-16,42.29631423950195,42.59278298315876,41.65396592321297,41.713257410061566,42437800
2024-10-17,42.09866714477539,42.49396131610284,41.970199743427884,42.32596374366167,31708600
2024-10-18,41.821964263916016,42.14808252679218,41.61443651652464,41.9306703515414,30593500
2024-10-21,41.268550872802734,41.91090293497466,41.2487895577922,41.752786026259116,26589500
2024-10-22,41.80219650268555,41.91090258335381,41.080787877110495,41.15984821570721,37104400
2024-10-23,41.84172821044922,41.97019938049037,41.52549438404373,41.70337638262239,28569400
2024-10-24,42.1480827331543,42.157963391257404,41.476084888002326,41.821964468681415,28392000
2024-10-25,41.39702224731445,42.47419487141833,41.298200592547104,42.41489961667522,27466900
2024-10-28,42.118431091308594,42.246902258986445,41.515609192748485,41.57490444778546,24527600
2024-10-29,42.02949142456055,42.30619885369079,41.97019993745056,42.088786681475156,22313500
2024-10-30,41.81208419799805,42.39514104640575,41.14996700481418,41.219142921590965,38100500
2024-10-31,41.327850341796875,42.04925904699247,41.308085254966265,41.79232045780419,28138200
2024-11-01,41.268550872802734,41.930668019789664,41.258670215297464,41.65396437198857,31220000
2024-11-04,40.8436164855957,41.52549497667562,40.62620431316242,41.12032014519834,31110100
2024-11-05,41.387142181396484,41.515609580469615,40.893026360887276,41.02149375996041,30851400
2024-11-06,44.8755989074707,45.01395073478329,43.48219243698672,44.27277700006193,110086700
2024-11-07,44.243133544921875,44.697719220972196,43.98619119250752,44.509956555596126,48339700
2024-11-08,44.59889602661133,44.96454068653899,44.42101402560768,44.6087766845317,38331800
2024-11-11,45.537715911865234,45.97253647758799,45.04360009044207,45.06336140587099,43293500
2024-11-12,45.32030487060547,45.903361705169736,45.300539784880705,45.59700853114287,38155900
2024-11-13,45.33018493652344,45.933006848939215,45.29065853539479,45.65630319201575,36903900
2024-11-14,45.359832763671875,45.616771325578725,45.191831428352266,45.4092435905996,35733100
2024-11-15,46.1998291015625,46.28877009982293,45.08312629447145,45.08312629447145,40488900
2024-11-18,46.17018508911133,46.466653837822314,45.94289225610608,46.19983083304102,32371800
2024-11-19,45.86383056640625,46.071358307432334,45.409244913738284,45.44877508435408,28534100
2024-11-20,45.51795196533203,46.09112437222331,45.37959636523655,46.02194845707789,28021000
2024-11-21,45.91324234008789,46.49629917435954,45.75512542417378,45.844066424988256,45336500
2024-11-22,46.4468879699707,46.664300141274,45.735359969199635,45.82430096929602,37996200
2024-11-25,46.94100570678711,47.178182973282865,46.60500677830424,46.70382844029135,42718600
2024-11-26,47.18806076049805,47.27700175879693,46.654414770704776,46.95088350843286,30301500
2024-11-27,47.20782470703125,47.41535244145502,47.08923796876116,47.25723553382675,23278400
2024-11-29,46.95088577270508,47.51418130230005,46.94100511455293,47.23747386657864,23262000
2024-12-02,46.48641586303711,47.25723531289573,46.29864944436581,47.17817874435341,35891500
2024-12-03,46.269004821777344,46.92123754969979,46.101007253432776,46.8125314667453,38123800
2024-12-04,45.824302673339844,46.22947751777826,45.587129177466245,46.14053651437447,24941300
2024-12-05,46.4468879699707,46.68406522682926,45.95277214050293,46.01206739716872,31572100
2024-12-06,46.456825256347656,46.764882574598104,46.10902166378654,46.764882574598104,28931700
2024-12-09,45.622093200683594,46.456825620141736,45.61215757972184,46.26801849566932,34660900
2024-12-10,45.463096618652344,45.999711127871585,45.30410014822903,45.622093089075655,35665800
2024-12-11,45.7910270690918,45.8705234056138,45.18485186616578,45.71152694179507,36790500
2024-12-12,45.7910270690918,46.178580712726536,45.632026814498346,45.850648373789625,24017300
2024-12-13,45.38359451293945,45.81089821937594,45.09541602899659,45.800962598870896,32902300
2024-12-16,45.184852600097656,45.39353475147908,44.87679528798119,45.30409900220493,27330400
2024-12-17,44.767486572265625,44.90660801293939,44.34018283832481,44.90660801293939,33054600
2024-12-18,43.22720718383789,45.1451042656012,43.078146332411244,44.85692197458963,41771900
2024-12-19,43.10795974731445,44.20105999574604,43.03839902918379,43.694259936397714,38583600
2024-12-20,43.893001556396484,44.1215625281504,42.82971198842717,42.92908714805382,74222200
2024-12-23,43.61476135253906,43.83338292628411,42.511721653407186,43.624700764495635,35374800
2024-12-24,44.101688385009766,44.141434658886695,43.654509634614676,43.654509634614676,12054400
2024-12-26,44.27062225341797,44.3004366984928,43.833382896995005,43.93275427184455,16077400
2024-12-27,44.06193923950195,44.49917858746763,43.78369636268515,43.96256786657449,17972500
2024-12-30,43.63463592529297,43.863193117808144,43.276892914130116,43.61476089236449,16109800
2024-12-31,43.67438507080078,43.95262794438629,43.435888471459734,43.763820821706815,16110400
2025-01-02,44.01225280761719,44.31037071212534,43.52532399065984,43.8631919599757,25610600
2025-01-03,44.52899169921875,44.5687379727352,43.87313080151262,44.46936660278191,23455700
2025-01-06,45.115291595458984,45.860588237735676,44.81716990592851,44.87679500198956,30518500
2025-01-07,45.7910270690918,46.35745220836945,45.36372336180869,45.98976980578418,41111200
2025-01-08,45.92021179199219,45.96989747908907,45.40347230647975,45.61215825752655,40246000
2025-01-10,44.827110290527344,45.761214071114715,44.459431667105434,45.71152838537254,40741300
2025-01-13,44.77742385864258,45.05566672678217,44.40974145057265,44.81717013210911,34353600
2025-01-14,45.4929084777832,45.6320299192434,44.94635833314315,45.3140369699701,36379000
2025-01-15,46.804630279541016,47.16237329469572,46.5462624301376,46.82450531269127,57154800
2025-01-16,46.34751510620117,47.21205818436548,45.532657714685406,46.705258115310514,56339300
2025-01-17,46.23820495605469,46.58601234892039,45.79102997930229,46.317705088403976,44486100
2025-01-21,46.36738967895508,46.854318501139204,46.248143274026766,46.327639613720685,52089100
2025-01-22,45.502845764160156,46.43694953516832,45.47303132040073,46.30776372094358,40296200
2025-01-23,46.099082946777344,46.595947395508766,45.76121497000898,45.76121497000898,35324100
2025-01-24,46.228267669677734,46.56613563844172,45.86058904774407,45.94008538645481,24655100
2025-01-27,46.79469299316406,46.84437867888416,46.08914639992415,46.258078489527435,44260000
2025-01-28,46.546260833740234,47.14249664469899,46.417075018081725,46.784757432588634,27156600
2025-01-29,46.456825256347656,47.09281113461646,46.34751447274992,46.456825256347656,23681500
2025-01-30,46.4270133972168,46.87418835010376,46.10902046634064,46.8145670447987,31199900
2025-01-31,46.009647369384766,46.53632626477037,45.87052592973477,46.40714044619184,30392900
2025-02-03,45.92021179199219,46.18851905124527,44.82711151276102,45.13516504722666,36497700
2025-02-04,46.417076110839844,46.83444422095659,45.97983675856152,46.059333099532616,32894000
2025-02-05,46.81456756591797,46.83444259816581,46.34751378503061,46.68538175169437,27696600
2025-02-06,47.440616607666016,47.679109407026026,46.874187679942914,47.14249492230395,39793400
2025-02-07,47.10274887084961,47.669174010458676,47.0828738390138,47.53998819891327,26504700
2025-02-10,46.377323150634766,47.26174500262675,46.109019699673645,47.1822448758422,26725200
2025-02-11,46.49657440185547,46.63569583612846,45.98977055897553,46.258077806834066,20314900
2025-02-12,45.92021179199219,46.28789421621398,45.651904532739096,46.27795480432964,29777100
2025-02-13,46.039459228515625,46.27795202858588,45.681716237635534,46.228266344469134,26815400
2025-02-14,46.66550827026367,46.794694088780446,46.18851885278818,46.18851885278818,25960500
2025-02-18,46.23820495605469,46.357455154578616,45.87052632087662,46.26801940107315,37824100
2025-02-19,45.72146224975586,45.771151724363975,45.13516208266212,45.592280229943874,38967800
2025-02-20,45.01591873168945,45.90033685244938,44.75755088379468,45.61215835039077,40001100
2025-02-21,44.52899169921875,45.224598870441326,44.26068445141514,44.96623103409791,43485900
2025-02-24,44.18118667602539,45.105354870758475,44.16131164282119,44.74761185463277,35512200
2025-02-25,43.66444396972656,44.55880144418312,43.07814380108831,44.250744138364816,38119000
2025-02-26,43.66444396972656,44.27061917010548,43.58494763353859,43.7638191284299,32251700
2025-02-27,43.84331512451172,44.49917600376724,43.66444363100797,43.81350447251931,28477700
2025-02-28,45.81089782714844,45.91027298522161,43.92281531305422,44.04206171196736,62621100
2025-03-03,45.274288177490234,46.665506305526165,44.93642021382334,45.92020966132932,46946000
2025-03-04,42.402408599853516,44.55880219538621,41.76642273652905,44.44949141435704,78278100
2025-03-05,42.02479553222656,42.462034877736166,41.44843095831517,42.38253853799572,52588900
2025-03-06,41.19999694824219,41.627300654276766,40.70313252641358,41.32918275933454,58103500
2025-03-07,41.400001525878906,41.72999954223633,40.61000061035156,41.310001373291016,50651400
2025-03-10,39.83000183105469,40.619998931884766,39.18000030517578,40.400001525878906,77498400
2025-03-11,39.61000061035156,40.65999984741211,39.27000045776367,39.70000076293945,50608400
2025-03-12,39.90999984741211,40.5,39.20000076293945,40.310001373291016,42290700
2025-03-13,39.66999816894531,40.189998626708984,39.33000183105469,39.970001220703125,37766100
2025-03-14,40.88999938964844,41.02000045776367,40.16999816894531,40.2599983215332,35979900
2025-03-17,41.439998626708984,41.77000045776367,40.59000015258789,40.91999816894531,37242800
2025-03-18,41.650001525878906,41.83000183105469,41.290000915527344,41.720001220703125,37644500
2025-03-19,42.209999084472656,42.70000076293945,41.29999923706055,41.720001220703125,42471100
2025-03-20,42.47999954223633,42.720001220703125,41.650001525878906,41.7599983215332,41018100
2025-03-21,42.470001220703125,42.65999984741211,41.88999938964844,42.15999984741211,65011000
2025-03-24,43.06999969482422,43.150001525878906,42.75,42.93000030517578,30646100
2025-03-25,43.279998779296875,43.529998779296875,43.040000915527344,43.349998474121094,25445300
2025-03-26,42.81999969482422,43.720001220703125,42.72999954223633,43.459999084472656,30012100
2025-03-27,42.560001373291016,43.09000015258789,42.52000045776367,42.81999969482422,25619200
2025-03-28,41.25,42.619998931884766,40.9900016784668,42.439998626708984,34253000
2025-03-31,41.72999954223633,41.900001525878906,40.599998474121094,40.779998779296875,36390000
2025-04-01,41.4900016784668,41.70000076293945,40.970001220703125,41.31999969482422,25578500
2025-04-02,41.849998474121094,41.970001220703125,40.81999969482422,40.880001068115234,28216100
2025-04-03,37.220001220703125,38.84000015258789,37.02000045776367,38.630001068115234,115497900
2025-04-04,34.38999938964844,35.790000915527344,33.66999816894531,35.290000915527344,107761200
2025-04-07,35.58000183105469,36.630001068115234,33.540000915527344,34.970001220703125,137329100
2025-04-08,35.029998779296875,37.33000183105469,34.33000183105469,36.86000061035156,79116300
2025-04-09,37.150001525878906,37.849998474121094,33.06999969482422,34.04999923706055,161173500
2025-04-10,35.849998474121094,36.400001525878906,34.630001068115234,36.31999969482422,90451800
2025-04-11,35.95000076293945,36.22999954223633,34.810001373291016,35.20000076293945,63671900
2025-04-14,36.66999816894531,36.9900016784668,36.27000045776367,36.4900016784668,46830600
2025-04-15,37.9900016784668,38.75,37.79999923706055,37.79999923706055,84677800
2025-04-16,37.33000183105469,38.15999984741211,36.970001220703125,37.86000061035156,52872700
2025-04-17,37.40999984741211,37.869998931884766,37.2400016784668,37.5099983215332,47063400
2025-04-21,36.91999816894531,37.279998779296875,36.4900016784668,37.06999969482422,34928300
2025-04-22,38.31999969482422,38.4900016784668,37.400001525878906,37.56999969482422,42288900
2025-04-23,38.75,40.130001068115234,38.66999816894531,39.40999984741211,54428400
2025-04-24,39.58000183105469,39.70000076293945,38.599998474121094,38.65999984741211,42457100
2025-04-25,39.689998626708984,39.790000915527344,39.31999969482422,39.540000915527344,32694200
2025-04-28,39.779998779296875,40.08000183105469,39.459999084472656,39.79999923706055,37428000
2025-04-29,39.9900016784668,40.13999938964844,39.47999954223633,39.630001068115234,33792500
2025-04-30,39.880001068115234,40.0,38.81999969482422,39.36000061035156,40994600
2025-05-01,40.16999816894531,40.439998626708984,39.58000183105469,39.81999969482422,33569100
2025-05-02,41.06999969482422,41.22999954223633,40.70000076293945,40.90999984741211,41613000
2025-05-05,41.119998931884766,41.4900016784668,40.619998931884766,40.849998474121094,32829200
2025-05-06,40.84000015258789,41.27000045776367,40.560001373291016,40.650001525878906,29541800
2025-05-07,40.93000030517578,41.34000015258789,40.86000061035156,41.040000915527344,30925900
2025-05-08,41.599998474121094,42.150001525878906,41.25,41.290000915527344,41861700
2025-05-09,41.790000915527344,41.97999954223633,41.689998626708984,41.72999954223633,27222800
2025-05-12,43.36000061035156,43.959999084472656,42.939998626708984,43.31999969482422,44875100
2025-05-13,44.279998779296875,44.4900016784668,43.41999816894531,43.41999816894531,43232500
2025-05-14,44.7400016784668,44.91999816894531,44.130001068115234,44.189998626708984,42419500
2025-05-15,44.380001068115234,44.97999954223633,44.0099983215332,44.599998474121094,47379400
2025-05-16,44.689998626708984,44.790000915527344,43.65999984741211,44.34000015258789,49488100
2025-05-19,44.77000045776367,45.13999938964844,44.11000061035156,44.11000061035156,37915700
2025-05-20,44.689998626708984,44.90999984741211,44.40999984741211,44.59000015258789,33424300
2025-05-21,43.25,44.4900016784668,43.150001525878906,44.369998931884766,55594100
2025-05-22,43.310001373291016,43.56999969482422,42.959999084472656,43.18000030517578,29026200
2025-05-23,43.20000076293945,43.43000030517578,42.349998474121094,42.47999954223633,34875100
2025-05-27,44.220001220703125,44.220001220703125,43.29999923706055,43.790000915527344,36322000
2025-05-28,44.060001373291016,44.439998626708984,43.959999084472656,44.209999084472656,35673800
2025-05-29,44.2400016784668,44.459999084472656,43.900001525878906,44.369998931884766,28545100
2025-05-30,44.130001068115234,44.29999923706055,43.720001220703125,44.189998626708984,66537500
2025-06-02,44.08000183105469,44.150001525878906,43.36000061035156,43.880001068115234,28582600
2025-06-03,44.650001525878906,44.72999954223633,43.939998626708984,44.0099983215332,31298300
